cycle,gini
1,0.1971673928230552
2,0.2695585846447118
3,0.3865795688759042
