cycle,l2_error
0,3.0004053115844727
1,2.8702268600463867
2,3.0173604488372803
3,2.743062734603882
