n_params_history,total_elapsed,final_l2,final_n_params,method,Pe,seed,peak_bytes,n_params,elapsed
"[910, 1820, 2730, 2730]",1174.0178127000108,2.743062734603882,2730,uniform_pikan,100.0,2024,1438830,2730,1174.0178127000108
