cycle,gini
1,0.252361150752482
2,0.3300189290332042
3,0.4439210064092546
