cycle,gini
1,0.1666619676286237
2,0.47199264357550325
3,0.618434564757013
