cycle,gini
1,0.13816040890383624
2,0.2937102306308508
3,0.4735174933555689
