cycle,l2_error
0,2.990968942642212
1,3.002418279647827
2,3.4698731899261475
3,2.143876791000366
4,0.8471415042877197
