cycle,gini
1,0.14761000534017601
2,0.2663138632772539
3,0.4397530947931199
