method,Pe,seed,final_l2,n_params,elapsed,peak_bytes
mlp_pinn,500.0,5678,3.094982147216797,8577,93.66600259998813,196971
