method,Pe,seed,final_l2,n_params,elapsed,peak_bytes
mlp_pinn,500.0,4096,3.1190638542175293,8577,104.21486379997805,196072
