n_params_history,total_elapsed,cycle_times,final_l2,final_n_params,method,Pe,seed,peak_bytes,n_params,elapsed
"[910, 1560, 2210, 2860]",1455.002468999999,"[96.77704380004434, 90.23847410001326, 114.30246340000303]",2.974013328552246,2860,ra_pikan,500.0,3141,1416887,2860,1455.002468999999
