method,Pe,seed,final_l2,n_params,elapsed,peak_bytes
rad_pinn,100.0,3141,3.026843547821045,8577,109.737924200017,212454
