cycle,l2_error
0,3.0413432121276855
1,3.0885121822357178
2,3.1029956340789795
3,3.0666346549987793
4,3.2308802604675293
