cycle,gini
1,0.2623615697400616
2,0.3073686849524182
3,0.5246625106534472
