cycle,l2_error
0,3.030296802520752
1,3.0298006534576416
2,3.0538434982299805
3,3.0683956146240234
