cycle,gini
1,0.2311151572606806
2,0.24810893765747122
3,0.31938140123947584
