method,Pe,seed,final_l2,n_params,elapsed,peak_bytes
fixed_pikan,100.0,42,3.254733085632324,780,892.4275162999984,191853
