method,Pe,seed,final_l2,n_params,elapsed,peak_bytes
fixed_pikan,500.0,789,3.120051860809326,780,183.57935740001267,191739
