cycle,l2_error
0,2.9746153354644775
1,2.963716506958008
2,62.385009765625
3,3.6763570308685303
