method,Pe,seed,final_l2,n_params,elapsed,peak_bytes
fixed_pikan,500.0,456,3.103825807571411,780,560.1754086000146,189107
