cycle,l2_error
0,2.994720220565796
1,3.0336813926696777
2,3.00935959815979
3,2.8128859996795654
