cycle,l2_error
0,2.9257633686065674
1,2.916062593460083
2,2.972557783126831
3,2.8853588104248047
4,2.3926007747650146
