cycle,gini
1,0.18835351393858585
2,0.26898906463258393
3,0.3481149761908506
