cycle,gini
1,0.19698894788857815
2,0.24039746145770494
3,0.352362923869446
