cycle,l2_error
0,3.0579166412353516
1,3.0566368103027344
2,3.0605292320251465
3,3.0404186248779297
