cycle,gini
1,0.2311151572606806
2,0.2560977887412798
3,0.39906488654789074
