cycle,gini
1,0.1666619676286237
2,0.3635653086558125
3,0.4345204693464458
