cycle,gini
1,0.1619107662684756
2,0.25576535744105705
3,0.42959617671006944
