cycle,gini
1,0.2353125967497732
2,0.2525891416918407
3,0.4181748026831265
