cycle,l2_error
0,3.0150041580200195
1,3.026158094406128
2,3.0252668857574463
3,2.986809730529785
4,2.974013328552246
