method,Pe,seed,final_l2,n_params,elapsed,peak_bytes
rad_pinn,100.0,2024,3.037001848220825,8577,114.0111638000235,250689
