cycle,gini
1,0.18665182145876225
2,0.27515584892442696
3,0.3608213798424878
