method,Pe,seed,final_l2,n_params,elapsed,peak_bytes
fixed_pikan,500.0,6789,3.114060163497925,780,184.99518520000856,191416
