cycle,l2_error
0,3.064696788787842
1,3.034029960632324
2,3.0715458393096924
3,3.010270118713379
4,2.9548146724700928
