method,Pe,seed,final_l2,n_params,elapsed,peak_bytes
mlp_pinn,500.0,6789,3.112574577331543,8577,82.73906009999337,195537
