cycle,gini
1,0.14761000534017601
2,0.2501357293707226
3,0.38533560790783994
