method,Pe,seed,final_l2,n_params,elapsed,peak_bytes
rad_pinn,100.0,6789,3.042984962463379,8577,100.01179469999624,212357
