method,Pe,seed,final_l2,n_params,elapsed,peak_bytes
fixed_pikan,100.0,123,6.598551273345947,780,602.6406964000198,192394
