method,Pe,seed,final_l2,n_params,elapsed,peak_bytes
fixed_pikan,500.0,3141,3.1117053031921387,780,216.20118460000958,195057
