cycle,gini
1,0.1619107662684756
2,0.26311229870939207
3,0.4663966002276794
