cycle,l2_error
0,2.9785282611846924
1,2.971205711364746
2,3.35823655128479
3,2.60148024559021
4,1.7661000490188599
