cycle,gini
1,0.21979754265686963
2,0.28362262607295724
3,0.42453998850051955
