cycle,gini
1,0.1939179408303067
2,0.24740819322177215
3,0.4197005011637596
