cycle,l2_error
0,2.937854290008545
1,2.2036685943603516
2,2.9772346019744873
3,2.700000047683716
