method,Pe,seed,final_l2,n_params,elapsed,steps_per_second,peak_bytes
fixed_bspline_pikan,100.0,789,3.1136927604675293,910,1036.3513446999968,2.894771175183297,213534
