cycle,l2_error
0,3.0408852100372314
1,3.0134732723236084
2,2.9762184619903564
3,2.9694018363952637
