method,Pe,seed,final_l2,n_params,elapsed,peak_bytes
fixed_pikan,100.0,5678,3.212318181991577,780,190.20566659996985,194297
