cycle,gini
1,0.13922300779540586
2,0.2022638606921978
3,0.33326838219480437
