cycle,l2_error
0,2.9257633686065674
1,2.9454171657562256
2,2.168728828430176
3,2.0085227489471436
