method,Pe,seed,final_l2,n_params,elapsed,peak_bytes
mlp_pinn,500.0,2024,3.1008188724517822,8577,76.08571329998085,192257
