cycle,l2_error
0,2.9504315853118896
1,2.9747684001922607
2,3.010044813156128
3,2.8150720596313477
