method,Pe,seed,final_l2,n_params,elapsed,peak_bytes
mlp_pinn,500.0,3141,3.1093645095825195,8577,106.0736135999905,194242
