method,Pe,seed,final_l2,n_params,elapsed,peak_bytes
fixed_pikan,500.0,2024,3.112884759902954,780,166.31291749997763,194662
