cycle,l2_error
0,2.937854290008545
1,2.9035544395446777
2,3.470170021057129
3,2.9257869720458984
4,2.4759328365325928
