cycle,l2_error
0,2.9504315853118896
1,2.975707530975342
2,3.249241590499878
3,2.9746673107147217
4,2.1976418495178223
