method,Pe,seed,final_l2,n_params,elapsed,peak_bytes
rad_pinn,100.0,5678,3.0328729152679443,8577,110.97267480002483,212427
