method,Pe,seed,final_l2,n_params,elapsed,peak_bytes
fixed_pikan,100.0,3141,3.202482223510742,780,190.55533860001015,192957
