cycle,gini
1,0.19064493450305287
2,0.22232485544538136
3,0.3967977652288892
