cycle,l2_error
0,2.990968942642212
1,2.4153025150299072
2,1.7582422494888306
3,1.1806917190551758
