cycle,gini
1,0.1939179408303067
2,0.4394078089030878
3,0.575237750285321
