cycle,gini
1,0.16814766702784506
2,0.3166848743214131
3,0.497185114236623
