method,Pe,seed,final_l2,n_params,elapsed,peak_bytes
rad_pinn,500.0,3141,3.077007532119751,8577,122.53390749997925,214173
