cycle,l2_error
0,2.994720220565796
1,2.969341993331909
2,3.1293842792510986
3,2.8944075107574463
4,0.8139474987983704
