method,Pe,seed,final_l2,n_params,elapsed,peak_bytes
fixed_pikan,100.0,456,6.774293899536133,780,804.4318643999868,189985
