cycle,l2_error
0,3.0073933601379395
1,2.9222512245178223
2,2.867281913757324
3,2.650007486343384
