cycle,gini
1,0.2623615697400616
2,0.3227425526025433
3,0.39279055045802985
