method,Pe,seed,final_l2,n_params,elapsed,peak_bytes
fixed_pikan,100.0,4096,3.200629234313965,780,190.09518150001531,189708
