cycle,gini
1,0.1572097317641646
2,0.2886407519237078
3,0.5046345124261734
