cycle,l2_error
0,3.043894052505493
1,3.0376553535461426
2,3.0458357334136963
3,3.0850412845611572
4,3.2031524181365967
