cycle,l2_error
0,3.064696788787842
1,3.00368070602417
2,2.9105708599090576
3,2.8813657760620117
