cycle,gini
1,0.20023694263378455
2,0.23879658848695662
3,0.8274271030293171
