method,Pe,seed,final_l2,n_params,elapsed,peak_bytes
rad_pinn,500.0,2024,3.071718692779541,8577,86.72252189996652,213531
