method,Pe,seed,final_l2,n_params,elapsed,peak_bytes
fixed_pikan,500.0,1234,3.0949535369873047,780,176.37038599999505,190427
