cycle,gini
1,0.1971673928230552
2,0.4212378587872232
3,0.624495067115681
