cycle,gini
1,0.18665182145876225
2,0.24651261468867114
3,0.7908840861742447
