method,Pe,seed,final_l2,n_params,elapsed,peak_bytes
fixed_pikan,100.0,1234,3.1849284172058105,780,225.14422940000077,191038
