method,Pe,seed,final_l2,n_params,elapsed,peak_bytes
rad_pinn,100.0,123,3.024336814880371,8577,84.63771370000177,212826
