cycle,l2_error
0,3.0150041580200195
1,2.992321014404297
2,2.952301025390625
3,2.9459500312805176
