cycle,gini
1,0.16814766702784506
2,0.44447071972620045
3,0.5616904096430626
