cycle,l2_error
0,3.0073933601379395
1,2.989875316619873
2,3.23935866355896
3,2.4550833702087402
4,1.1542888879776
