cycle,l2_error
0,3.0340933799743652
1,3.036137580871582
2,3.109805107116699
3,3.000891923904419
4,2.9300901889801025
