cycle,l2_error
0,3.040160894393921
1,2.9998767375946045
2,3.0153987407684326
3,3.087033271789551
4,3.1345763206481934
