method,Pe,seed,final_l2,n_params,elapsed,peak_bytes
mlp_pinn,100.0,456,6.13895845413208,8577,205.1879748000065,190553
