cycle,l2_error
0,3.0340933799743652
1,3.0333454608917236
2,3.037069797515869
3,3.073024272918701
