cycle,l2_error
0,3.0413432121276855
1,3.122075319290161
2,3.1986491680145264
3,3.2265677452087402
