method,Pe,seed,final_l2,n_params,elapsed,peak_bytes
mlp_pinn,100.0,3141,3.103747844696045,8577,95.9442309999722,197793
