cycle,l2_error
0,2.9746153354644775
1,2.9716455936431885
2,3.00534725189209
3,2.131277322769165
4,1.5533385276794434
