method,Pe,seed,final_l2,n_params,elapsed,peak_bytes
mlp_pinn,100.0,789,3.076090097427368,8577,84.68321199999991,195843
