method,Pe,seed,final_l2,n_params,elapsed,peak_bytes
mlp_pinn,100.0,4096,3.084855318069458,8577,96.28701009997167,190731
