cycle,gini
1,0.1676575355086046
2,0.3053061106373829
3,0.36107803671533223
