n_params_history,total_elapsed,cycle_times,final_l2,final_n_params,method,Pe,seed,peak_bytes,n_params,elapsed
"[910, 1560, 2210, 2860]",1234.5059028000105,"[87.08841249998659, 78.97754880000139, 100.13729769998463]",3.1063835620880127,2860,ra_pikan,100.0,5678,1419339,2860,1234.5059028000105
