method,Pe,seed,final_l2,n_params,elapsed,peak_bytes
fixed_pikan,100.0,2024,3.2066190242767334,780,190.82550749997608,194042
