cycle,l2_error
0,3.0004053115844727
1,2.9133987426757812
2,3.034322738647461
3,2.747241497039795
4,1.058678388595581
