cycle,l2_error
0,3.030296802520752
1,3.0329809188842773
2,3.050245761871338
3,3.0299794673919678
4,2.9940617084503174
