method,Pe,seed,final_l2,n_params,elapsed,peak_bytes
fixed_pikan,500.0,123,6.791195392608643,780,813.3615595999872,189977
