method,Pe,seed,final_l2,n_params,elapsed,peak_bytes
fixed_pikan,500.0,42,6.728294849395752,780,1316.9096663999953,189617
