cycle,l2_error
0,2.9785282611846924
1,2.997587203979492
2,2.978240728378296
3,2.872286796569824
