cycle,l2_error
0,3.028864860534668
1,3.099719762802124
2,3.1238725185394287
3,3.0445401668548584
4,3.2312228679656982
