cycle,l2_error
0,3.0579166412353516
1,3.0831332206726074
2,3.166999578475952
3,3.031496286392212
4,3.0769588947296143
