method,Pe,seed,final_l2,n_params,elapsed,peak_bytes
rad_pinn,100.0,456,3.033642530441284,8577,109.14607139999862,214585
