cycle,gini
1,0.1572097317641646
2,0.25251153326875414
3,0.36673617309715417
