cycle,gini
1,0.21979754265686963
2,0.22198395931501325
3,0.37002455375604887
