cycle,l2_error
0,3.028864860534668
1,3.0328361988067627
2,3.0518131256103516
3,3.1610071659088135
