cycle,l2_error
0,3.040160894393921
1,3.1399030685424805
2,3.2687721252441406
3,3.3159282207489014
