method,Pe,seed,final_l2,n_params,elapsed,peak_bytes
fixed_pikan,100.0,789,3.220094919204712,780,169.81611119999798,195181
