method,Pe,seed,final_l2,n_params,elapsed,peak_bytes
fixed_pikan,100.0,6789,3.223142147064209,780,167.85768559999997,191042
