cycle,l2_error
0,2.9030628204345703
1,3.03334903717041
2,3.1360065937042236
3,2.9924466609954834
