cycle,gini
1,0.13922300779540586
2,0.3311737031606191
3,0.45307576670995847
