cycle,l2_error
0,2.9030628204345703
1,2.91849422454834
2,2.95908784866333
3,2.7513201236724854
4,3.1063835620880127
