method,Pe,seed,final_l2,n_params,elapsed,peak_bytes
fixed_pikan,500.0,5678,3.097245931625366,780,173.6602274000179,192082
