cycle,gini
1,0.19698894788857815
2,0.24403304073529286
3,0.3852287774009421
