cycle,gini
1,0.1676575355086046
2,0.4667092262677222
3,0.6174286691434998
