cycle,gini
1,0.252361150752482
2,0.2454926974507766
3,0.5555525228428355
