method,Pe,seed,final_l2,n_params,elapsed,peak_bytes
rad_pinn,500.0,456,3.0731425285339355,8577,139.1900248999882,215538
