cycle,gini
1,0.18835351393858585
2,0.241765082649609
3,0.7801253781496124
