method,Pe,seed,final_l2,n_params,elapsed,peak_bytes
fixed_pikan,500.0,4096,3.1277337074279785,780,215.07255360001,193130
