cycle,gini
1,0.19064493450305287
2,0.24054755668409375
3,0.7571311391398453
