cycle,gini
1,0.13816040890383624
2,0.2613112759715734
3,0.42958247624995477
