method,Pe,seed,final_l2,n_params,elapsed,peak_bytes
rad_pinn,100.0,1234,3.0372061729431152,8577,170.14650690000053,214024
