method,Pe,seed,final_l2,n_params,elapsed,peak_bytes
rad_pinn,100.0,789,3.024085760116577,8577,97.23621569999887,211022
