cycle,l2_error
0,3.0408852100372314
1,3.0475199222564697
2,3.071052312850952
3,3.029358148574829
4,2.896986246109009
