cycle,l2_error
0,3.043894052505493
1,3.061959981918335
2,3.0498642921447754
3,3.050980567932129
