cycle,gini
1,0.20023694263378455
2,0.30988142428531035
3,0.3645301816929855
