method,Pe,seed,final_l2,n_params,elapsed,peak_bytes
mlp_pinn,100.0,6789,3.0781590938568115,8577,87.59573480003746,196512
