cycle,gini
1,0.2353125967497732
2,0.6835774116624816
3,0.8118096212175185
