cycle,gini
1,0.4330325266674514
2,0.49949455728618775
3,0.5055771066706032
