cycle,gini
1,0.36767691657375123
2,0.49835297789632005
3,0.5329370248270677
