cycle,l2_error
0,0.11136893928050995
1,0.0016579106450080872
2,0.0009982931660488248
3,0.0004925408284179866
