method,eps,seed,final_l2,n_params,elapsed,peak_bytes
fixed_pikan,0.1,5678,0.0070373560301959515,780,59.2830171000096,111341
