method,eps,seed,final_l2,n_params,elapsed,peak_bytes
fixed_pikan,0.05,2024,0.009211783297359943,780,53.94270539999707,114901
