cycle,l2_error
0,0.12441322952508926
1,0.002711134497076273
2,0.0008998422999866307
3,0.0005174461985006928
