cycle,gini
1,0.3576885949573964
2,0.5113076291827201
3,0.4946813714353065
