method,eps,seed,final_l2,n_params,elapsed,peak_bytes
mlp_pinn,0.05,789,0.12107391655445099,8577,23.20195600000079,112972
