cycle,gini
1,0.4278775798324464
2,0.5190137843730146
3,0.5213648821049771
