cycle,gini
1,0.3780531327157398
2,0.4918315191908431
3,0.5229397621948414
