cycle,l2_error
0,0.13415659964084625
1,0.001518764765933156
2,0.0008228693623095751
3,0.00038748589577153325
