cycle,l2_error
0,0.13415659964084625
1,0.0019260257249698043
2,0.001442537410184741
3,0.001159115694463253
