cycle,l2_error
0,0.0879720002412796
1,0.001602495787665248
2,0.0009047428029589355
3,0.0006720158853568137
