cycle,l2_error
0,0.14014263451099396
1,0.005484709050506353
2,0.0015700745861977339
3,0.0004895245656371117
