cycle,l2_error
0,0.1739770919084549
1,0.002743643941357732
2,0.0008416459313593805
3,0.0008286399533972144
4,0.0005204285844229162
