cycle,l2_error
0,0.0879720002412796
1,0.0011014342308044434
2,0.000764116586651653
3,0.0005370881408452988
