cycle,l2_error
0,0.12259966135025024
1,0.0019831124227494
2,0.0007680334965698421
3,0.0003780379192903638
