method,eps,seed,final_l2,n_params,elapsed,peak_bytes
rad_pinn,0.1,2024,0.11545562744140625,8577,26.13308820000384,240716
