cycle,gini
1,0.3979015743925965
2,0.4592818988054183
3,0.46165547419455216
