cycle,l2_error
0,0.175998717546463
1,0.004491299856454134
2,0.006119655445218086
3,0.000439262978034094
4,0.0004093737807124853
