cycle,gini
1,0.38673144583881724
2,0.4795478534342294
3,0.4917242377475649
