cycle,l2_error
0,0.12441322952508926
1,0.005997021682560444
2,0.001454442972317338
3,0.0012779026292264462
