cycle,gini
1,0.40648868469190835
2,0.48308351006038835
3,0.6448659654996751
