cycle,l2_error
0,0.11136893928050995
1,0.001128249685280025
2,0.0005237015429884195
3,0.0004777649010065943
