method,eps,seed,final_l2,n_params,elapsed,peak_bytes
fixed_pikan,0.1,789,0.006415854208171368,780,52.29144869999993,113043
