cycle,l2_error
0,0.1856134831905365
1,0.005369817838072777
2,0.003263332648202777
3,0.0005065476871095598
