cycle,l2_error
0,0.16160133481025696
1,0.0035764442291110754
2,0.0013045959640294313
3,0.00047745241317898035
