cycle,gini
1,0.42421912453136673
2,0.4816251425173943
3,0.5043897551075249
