cycle,gini
1,0.41109525297695954
2,0.49088959001555527
3,0.5119669550112154
