cycle,gini
1,0.3576885949573964
2,0.5055843038848657
3,0.5105826720561717
