cycle,gini
1,0.3845845057884078
2,0.5378184571706
3,0.4740373056814947
