cycle,l2_error
0,0.16580329835414886
1,0.007431649602949619
2,0.001557005918584764
3,0.0012005906319245696
