cycle,l2_error
0,0.20422972738742828
1,0.010511095635592937
2,0.0014793166192248464
3,0.0012554440181702375
