cycle,l2_error
0,0.1793064922094345
1,0.0009900144068524241
2,0.0011950649786740541
3,0.0005826670676469803
