cycle,l2_error
0,0.14014263451099396
1,0.0006052571116015315
2,0.0007323655881918967
3,0.0005421498790383339
