cycle,gini
1,0.4278775798324464
2,0.5303688278583409
3,0.5275216524545003
