method,eps,seed,final_l2,n_params,elapsed,peak_bytes
mlp_pinn,0.1,5678,0.1250322163105011,8577,25.002421299985144,127306
