cycle,l2_error
0,0.08464590460062027
1,0.0012985236244276166
2,0.0005202939501032233
3,0.0005014356574974954
4,0.00038775912253186107
