cycle,l2_error
0,0.13693226873874664
1,0.002113065682351589
2,0.0006373021169565618
3,0.0007043131627142429
4,0.0005219267914071679
