cycle,gini
1,0.3715933909365353
2,0.47600257134551716
3,0.4900830676507218
