cycle,l2_error
0,0.10385037213563919
1,0.0017988219624385238
2,0.0009016341064125299
3,0.00042122413287870586
