method,eps,seed,final_l2,n_params,elapsed,peak_bytes
fixed_pikan,0.05,3141,0.009501267224550247,780,62.92849209997803,112027
