cycle,l2_error
0,0.10385037213563919
1,0.0011436169734224677
2,0.0005977745167911053
3,0.0006272377213463187
