cycle,gini
1,0.4025365585130634
2,0.507509435244818
3,0.5057450150289373
