method,eps,seed,final_l2,n_params,elapsed,peak_bytes
fixed_pikan,0.1,6789,0.00459854444488883,780,57.97981749998871,109549
