cycle,gini
1,0.4419695194765711
2,0.5322773838193283
3,0.509767268781327
