cycle,l2_error
0,0.08464590460062027
1,0.0009444709867238998
2,0.0005969820194877684
3,0.0004486356920097023
