method,eps,seed,final_l2,n_params,elapsed,peak_bytes
fixed_pikan,0.1,1234,0.007919052615761757,780,64.42549839999992,111354
