method,eps,seed,final_l2,n_params,elapsed,steps_per_second,peak_bytes
fixed_bspline_pikan,0.1,4096,0.012632884085178375,910,488.3832567000063,4.095144484505777,182476
