method,eps,seed,final_l2,n_params,elapsed,peak_bytes
fixed_pikan,0.05,1234,0.013657116331160069,780,59.92381960000057,111132
