cycle,gini
1,0.39602081345723017
2,0.515672054678676
3,0.5002618032513294
