cycle,l2_error
0,0.1793064922094345
1,0.001385304844006896
2,0.0008661609026603401
3,0.0004104901454411447
