cycle,l2_error
0,0.1249142438173294
1,0.00209704227745533
2,0.000629143207333982
3,0.00046884772018529475
