cycle,l2_error
0,0.15614153444766998
1,0.0013348942156881094
2,0.0008361706859432161
3,0.0005344449309632182
