method,eps,seed,final_l2,n_params,elapsed,peak_bytes
mlp_pinn,0.1,6789,0.039185211062431335,8577,24.041512099967804,114148
