cycle,l2_error
0,0.1856134831905365
1,0.0019176984205842018
2,0.0008190622902475297
3,0.0005618745344690979
