cycle,l2_error
0,0.15040703117847443
1,0.0031360385473817587
2,0.001279871677979827
3,0.0005920110270380974
