cycle,gini
1,0.4419695194765711
2,0.4807047161312405
3,0.5237511919081533
