cycle,gini
1,0.37112153220726246
2,0.49345661603838925
3,0.48828210955939316
