cycle,gini
1,0.3656557062004825
2,0.5145950017520101
3,0.5232373149334744
