cycle,l2_error
0,0.1249142438173294
1,0.0019986897241324186
2,0.0008108537876978517
3,0.0008952373173087835
4,0.0005293248686939478
