cycle,gini
1,0.40648868469190835
2,0.4747082274159563
3,0.5082531365582987
