method,eps,seed,final_l2,n_params,elapsed,peak_bytes
fixed_pikan,0.1,456,0.006057567894458771,780,111.90190690002055,111414
