method,eps,seed,final_l2,n_params,elapsed,peak_bytes
fixed_pikan,0.05,4096,0.010050872340798378,780,62.91557190002641,110538
