cycle,l2_error
0,0.16580329835414886
1,0.002160486066713929
2,0.0008666697540320456
3,0.0004343613109085709
