cycle,gini
1,0.3656557062004825
2,0.49433305891152973
3,0.5212861247553989
