cycle,l2_error
0,0.20422972738742828
1,0.0020917390938848257
2,0.000887747504748404
3,0.0004952178569510579
