cycle,l2_error
0,0.175998717546463
1,0.008333931677043438
2,0.00123861082829535
3,0.001445573172532022
