cycle,gini
1,0.3754294030999755
2,0.5061140689392198
3,0.52053214134403
