method,eps,seed,final_l2,n_params,elapsed,peak_bytes
mlp_pinn,0.1,4096,0.09573367983102798,8577,24.311791100015398,120646
