method,eps,seed,final_l2,n_params,elapsed,peak_bytes
rad_pinn,0.05,2024,0.15827123820781708,8577,23.601819200033788,117412
