cycle,gini
1,0.38673144583881724
2,0.48805040186281146
3,0.474836378616856
