cycle,gini
1,0.37112153220726246
2,0.519017735602849
3,0.5240994193625889
