cycle,gini
1,0.388332568657953
2,0.477744060375353
3,0.4572198857478944
