cycle,l2_error
0,0.1739770919084549
1,0.004235269036144018
2,0.001089401077479124
3,0.0009534688433632255
