cycle,gini
1,0.3754294030999755
2,0.4758658016125553
3,0.8423558927695428
