n_params_history,total_elapsed,cycle_times,final_l2,final_n_params,method,eps,seed,peak_bytes,n_params,elapsed
"[910, 1560, 2210, 2860]",314.52978699997766,"[90.1494644000195, 65.34758990001865, 78.57280150003498]",0.0006720158853568137,2860,ra_pikan,0.1,1234,1450610,2860,314.52978699997766
