cycle,l2_error
0,0.1438867747783661
1,0.002388251945376396
2,0.004418036434799433
3,0.0006191012798808515
4,0.0005384443793445826
