cycle,l2_error
0,0.15614153444766998
1,0.0010748968925327063
2,0.0004898760234937072
3,0.0006042610621079803
