cycle,l2_error
0,0.13693226873874664
1,0.00119910784997046
2,0.0007021107594482601
3,0.0007671360508538783
