cycle,gini
1,0.3780531327157398
2,0.46853506924877925
3,0.5028328714124924
