method,eps,seed,final_l2,n_params,elapsed,peak_bytes
fixed_pikan,0.05,5678,0.013695312663912773,780,62.993457500007935,111958
