cycle,gini
1,0.3715933909365353
2,0.43711620125512496
3,0.4778126432495099
