method,eps,seed,final_l2,n_params,elapsed,peak_bytes
fixed_pikan,0.1,3141,0.004797511734068394,780,59.73794550000457,110888
