cycle,gini
1,0.36767691657375123
2,0.5240355563047008
3,0.7811276793460369
