method,eps,seed,final_l2,n_params,elapsed,steps_per_second,peak_bytes
fixed_bspline_pikan,0.1,3141,0.009458689019083977,910,499.0597973000258,4.007535791943657,187119
