cycle,l2_error
0,0.1438867747783661
1,0.0013854422140866518
2,0.000724497193004936
3,0.0006241003284230828
