n_params_history,total_elapsed,final_l2,final_n_params,method,eps,seed,peak_bytes,n_params,elapsed
"[910, 1820, 2730, 2730]",479.83684860001085,0.0007671360508538783,2730,uniform_pikan,0.05,3141,1364664,2730,479.83684860001085
