cycle,gini
1,0.41109525297695954
2,0.5036303158726402
3,0.5078195759401406
