cycle,l2_error
0,0.12259966135025024
1,0.001068881363607943
2,0.0005142393056303263
3,0.0004767817154061049
