cycle,l2_error
0,0.16160133481025696
1,0.001367396442219615
2,0.0005664091440849006
3,0.0006042041932232678
