cycle,gini
1,0.3845845057884078
2,0.47886335172086286
3,0.49210696267565224
