method,eps,seed,final_l2,n_params,elapsed,peak_bytes
fixed_pikan,0.1,2024,0.005441350396722555,780,59.413372999988496,113206
