cycle,gini
1,0.4330325266674514
2,0.48386241981710004
3,0.48646420617146025
