cycle,gini
1,0.44126052763651863
2,0.4835502550915954
3,0.4972287430606521
