cycle,gini
1,0.39602081345723017
2,0.49164724362744033
3,0.4859002226353416
