cycle,l2_error
0,0.15040703117847443
1,0.0025410379748791456
2,0.0005360526265576482
3,0.0004467201652005315
