cycle,gini
1,0.44126052763651863
2,0.46379364264231776
3,0.49175647676635054
