cycle,gini
1,0.4025365585130634
2,0.49744425152527294
3,0.5833241184989904
