cycle,gini
1,0.388332568657953
2,0.44440219008041376
3,0.45225509224304017
