cycle,gini
1,0.42421912453136673
2,0.47757024076580457
3,0.48933761312795343
