cycle,gini
1,0.3979015743925965
2,0.46549760524358985
3,0.5089329264096043
