cycle,gini
1,0.5470854010615677
2,0.746975991229395
3,0.624826223858479
