cycle,gini
1,0.5645771678147196
2,0.6389063831794441
3,0.725991460932154
