cycle,gini
1,0.5479521713234485
2,0.6410884556724495
3,0.733986070548209
