method,nu,seed,final_l2,n_params,elapsed,peak_bytes
rad_pinn,0.001,4096,0.35967570543289185,8577,24.595711699977983,112952
