cycle,gini
1,0.5405137666548928
2,0.6212510237362988
3,0.6461151326630095
