cycle,l2_error
0,0.3893870413303375
1,0.3831464648246765
2,0.3602274954319
3,0.2756999135017395
4,0.2773389518260956
