cycle,l2_error
0,0.3511919379234314
1,0.4110237658023834
2,0.3793078660964966
3,0.4056100845336914
4,0.4045073688030243
