cycle,gini
1,0.560248415944624
2,0.7460545355573495
3,0.6418669920053899
