cycle,gini
1,0.5451904646090066
2,0.6954709054975527
3,0.7383158811334369
