cycle,gini
1,0.5598678176658707
2,0.657245790233728
3,0.7455156907873485
