method,nu,seed,final_l2,n_params,elapsed,peak_bytes
mlp_pinn,0.005,456,0.2780289053916931,8577,19.20807409999543,119867
