cycle,gini
1,0.5590858110879702
2,0.6898125959034745
3,0.7465579972943633
