method,nu,seed,final_l2,n_params,elapsed,peak_bytes
fixed_pikan,0.001,42,0.3280493915081024,780,66.0520497999969,112522
