method,nu,seed,final_l2,n_params,elapsed,peak_bytes
rad_pinn,0.001,3141,0.3481583893299103,8577,27.12230059999274,113143
