cycle,l2_error
0,0.402273952960968
1,0.3172861337661743
2,0.25308769941329956
3,0.2399415671825409
