method,nu,seed,final_l2,n_params,elapsed,peak_bytes
fixed_pikan,0.01,6789,0.04391586408019066,780,39.39259619999211,109567
