cycle,l2_error
0,0.4104805588722229
1,0.3708146810531616
2,0.36035630106925964
3,0.2832445800304413
4,0.28645431995391846
