cycle,l2_error
0,0.37601760029792786
1,0.28891056776046753
2,0.36378753185272217
3,0.3506074845790863
