method,nu,seed,final_l2,n_params,elapsed,peak_bytes
fixed_pikan,0.001,123,0.3391137421131134,780,92.74201780001749,111290
