cycle,l2_error
0,0.3863796889781952
1,0.37218379974365234
2,0.3549950420856476
3,0.36296504735946655
4,0.32788318395614624
