method,nu,seed,final_l2,n_params,elapsed,peak_bytes
fixed_pikan,0.001,5678,0.365213543176651,780,59.571791400026996,111124
