cycle,l2_error
0,0.3794928193092346
1,0.2087581902742386
2,0.2581956684589386
3,0.3265368640422821
4,0.33325833082199097
