cycle,l2_error
0,0.3511919379234314
1,0.15006789565086365
2,0.20222146809101105
3,0.24228255450725555
