cycle,gini
1,0.5538021821976923
2,0.6195730512108782
3,0.6534787757538115
