method,nu,seed,final_l2,n_params,elapsed,peak_bytes
fixed_pikan,0.01,789,0.05359813570976257,780,62.368236799986335,110991
