cycle,gini
1,0.5671277130269354
2,0.7313085052448323
3,0.7757307281255625
