method,nu,seed,final_l2,n_params,elapsed,peak_bytes
fixed_pikan,0.01,5678,0.07104973495006561,780,40.015419300005306,109430
