cycle,l2_error
0,0.4188300371170044
1,0.380881667137146
2,0.4057510793209076
3,0.3665873408317566
4,0.37610554695129395
