cycle,gini
1,0.5597711459289706
2,0.6672609698007997
3,0.6847600121418663
