cycle,gini
1,0.5597711459289706
2,0.651376307772855
3,0.624285428960362
