cycle,gini
1,0.554895756753534
2,0.6742360665985803
3,0.6444529465091778
