cycle,gini
1,0.5646611616109045
2,0.7293190967368602
3,0.7644352466828825
