cycle,gini
1,0.5802123231676696
2,0.8563971025252021
3,0.6426031122643315
