cycle,gini
1,0.5590858110879702
2,0.6429401490560452
3,0.667584419818749
