cycle,l2_error
0,0.410128116607666
1,0.3240468502044678
2,0.3279269337654114
3,0.3328322172164917
4,0.36122503876686096
