cycle,l2_error
0,0.38299816846847534
1,0.25352466106414795
2,0.20700006186962128
3,0.19807258248329163
