method,nu,seed,final_l2,n_params,elapsed,peak_bytes
fixed_pikan,0.005,789,0.1797335296869278,780,63.272646299999906,110517
