method,nu,seed,final_l2,n_params,elapsed,peak_bytes
rad_pinn,0.001,123,0.358554482460022,8577,27.781390999996802,126684
