cycle,gini
1,0.5580967271747354
2,0.6231872940803149
3,0.637332363941193
