method,nu,seed,final_l2,n_params,elapsed,peak_bytes
mlp_pinn,0.001,42,0.357390820980072,8577,47.85246880000341,58143342
