cycle,l2_error
0,0.3665495216846466
1,0.35068872570991516
2,0.24384136497974396
3,0.15482111275196075
4,0.1484391838312149
