cycle,gini
1,0.5580967271747354
2,0.6549477920207307
3,0.8339142253624447
