cycle,gini
1,0.5787109780384059
2,0.6504780627266681
3,0.7092158947710141
