method,nu,seed,final_l2,n_params,elapsed,peak_bytes
fixed_pikan,0.001,2024,0.3427833318710327,780,61.88634009996895,112034
