cycle,l2_error
0,0.36231955885887146
1,0.40696999430656433
2,0.3891891837120056
3,0.3504585325717926
4,0.3369751572608948
