cycle,l2_error
0,0.4033361077308655
1,0.46255677938461304
2,0.4215022623538971
3,0.38101381063461304
4,0.38628360629081726
