method,nu,seed,final_l2,n_params,elapsed,peak_bytes
fixed_pikan,0.005,5678,0.12645679712295532,780,39.23649129999103,109860
