cycle,gini
1,0.5611245120592879
2,0.6322491137477885
3,0.6828291632979702
