cycle,gini
1,0.5754966109836591
2,0.6450819743133287
3,0.7164949786215786
