cycle,l2_error
0,0.4124068021774292
1,0.3693717420101166
2,0.37888869643211365
3,0.3782677948474884
