method,nu,seed,final_l2,n_params,elapsed,peak_bytes
fixed_pikan,0.001,456,0.32383835315704346,780,124.3184419000172,110573
