method,nu,seed,final_l2,n_params,elapsed,peak_bytes
fixed_pikan,0.005,3141,0.23796115815639496,780,51.85342619998846,110415
