cycle,l2_error
0,0.34414926171302795
1,0.3641936779022217
2,0.3157181441783905
3,0.2514173984527588
4,0.24244792759418488
