cycle,l2_error
0,0.4248776435852051
1,0.26427578926086426
2,0.25611138343811035
3,0.2577999532222748
