cycle,gini
1,0.5645771678147196
2,0.8697252125803732
3,0.7287375195852729
