method,nu,seed,final_l2,n_params,elapsed,peak_bytes
fixed_pikan,0.01,3141,0.11781850457191467,780,39.45516309997765,111646
