cycle,l2_error
0,0.357479453086853
1,0.12187407910823822
2,0.11193273216485977
3,0.15035675466060638
