cycle,gini
1,0.5552489940931454
2,0.6421475907219415
3,0.9900944549868713
