cycle,l2_error
0,0.4248776435852051
1,0.37082400918006897
2,0.34763699769973755
3,0.3140770494937897
4,0.35555046796798706
