method,nu,seed,final_l2,n_params,elapsed,peak_bytes
fixed_pikan,0.001,6789,0.3449234366416931,780,63.39108780003153,112865
