method,nu,seed,final_l2,n_params,elapsed,peak_bytes
rad_pinn,0.01,4096,0.18061098456382751,8577,34.05822789995,114796
