cycle,l2_error
0,0.34414926171302795
1,0.1650230884552002
2,0.3529207110404968
3,0.2957506775856018
