method,nu,seed,final_l2,n_params,elapsed,peak_bytes
fixed_pikan,0.01,42,0.05668458715081215,780,44.829067300015595,114148
