method,nu,seed,final_l2,n_params,elapsed,peak_bytes
fixed_pikan,0.001,789,0.3449242413043976,780,61.91047000000253,110494
