method,nu,seed,final_l2,n_params,elapsed,peak_bytes
mlp_pinn,0.01,4096,0.14353112876415253,8577,32.4983099999954,115142
