cycle,gini
1,0.5538021821976923
2,0.789226508008086
3,0.7314816794005623
