cycle,gini
1,0.5552489940931454
2,0.6041665237237237
3,0.6340093218420143
