cycle,l2_error
0,0.3864123225212097
1,0.28354889154434204
2,0.30286431312561035
3,0.3033405840396881
