cycle,gini
1,0.5646611616109045
2,0.660000984531916
3,0.7095609843530141
