method,nu,seed,final_l2,n_params,elapsed,peak_bytes
fixed_pikan,0.005,456,0.1166454330086708,780,44.222808599995915,112408
