cycle,gini
1,0.5536702520624127
2,0.6538485924052116
3,0.7378139939090989
