cycle,gini
1,0.5624594198674773
2,0.8152632748710101
3,0.9074687141994429
