method,nu,seed,final_l2,n_params,elapsed,peak_bytes
fixed_pikan,0.005,2024,0.11789271980524063,780,52.00021979998564,110271
