cycle,gini
1,0.5546034208610796
2,0.6886157096793105
3,0.798135056666625
