cycle,l2_error
0,0.3929961025714874
1,0.23276668787002563
2,0.28480207920074463
3,0.27757254242897034
