cycle,l2_error
0,0.4188300371170044
1,0.3467809557914734
2,0.30316653847694397
3,0.3039535582065582
