cycle,l2_error
0,0.41404783725738525
1,0.4544728398323059
2,0.4254327416419983
3,0.378408282995224
4,0.3798118829727173
