cycle,gini
1,0.5497039648551031
2,0.6617754449670776
3,0.7538323409742225
