cycle,l2_error
0,0.4033361077308655
1,0.34292417764663696
2,0.2623169422149658
3,0.24314217269420624
