cycle,l2_error
0,0.35130470991134644
1,0.3187260031700134
2,0.25262153148651123
3,0.0920696035027504
