cycle,gini
1,0.5611245120592879
2,0.6507771572063538
3,0.7549851127350147
