cycle,l2_error
0,0.3675273060798645
1,0.13539913296699524
2,0.13765521347522736
3,0.13812501728534698
