cycle,l2_error
0,0.3929961025714874
1,0.4495411217212677
2,0.4194844365119934
3,0.3322276771068573
4,0.3474563658237457
