cycle,l2_error
0,0.37654954195022583
1,0.22122257947921753
2,0.2616693079471588
3,0.3434741497039795
