cycle,l2_error
0,0.41404783725738525
1,0.35265401005744934
2,0.370630145072937
3,0.3763875365257263
