cycle,l2_error
0,0.38973113894462585
1,0.37213292717933655
2,0.33057206869125366
3,0.3063170909881592
4,0.2515481114387512
