cycle,gini
1,0.554895756753534
2,0.5892024709683763
3,0.7165542099214833
