cycle,l2_error
0,0.4104805588722229
1,0.29888784885406494
2,0.3102029860019684
3,0.31416603922843933
