cycle,gini
1,0.5535861848795789
2,0.6979138115215756
3,0.7292939242226846
