cycle,gini
1,0.560248415944624
2,0.720373719147965
3,0.7590653353672817
