method,nu,seed,final_l2,n_params,elapsed,peak_bytes
fixed_pikan,0.005,42,0.17195680737495422,780,44.833497099985834,115026
