cycle,gini
1,0.5470854010615677
2,0.6228060929881322
3,0.7172533971016087
