cycle,l2_error
0,0.3893870413303375
1,0.2618105709552765
2,0.29722538590431213
3,0.30024954676628113
