cycle,gini
1,0.5543898444645419
2,0.6647750160396553
3,0.6654426644310887
