cycle,l2_error
0,0.3588443100452423
1,0.2681085765361786
2,0.22100473940372467
3,0.10298879444599152
