method,nu,seed,final_l2,n_params,elapsed,peak_bytes
mlp_pinn,0.001,6789,0.3632792532444,8577,18.624199999962002,115877
