cycle,l2_error
0,0.3991868197917938
1,0.36827725172042847
2,0.33907052874565125
3,0.23121419548988342
4,0.23399615287780762
