cycle,gini
1,0.5523116620266812
2,0.637114973107458
3,0.7206333190162421
