cycle,l2_error
0,0.38973113894462585
1,0.2919815480709076
2,0.3141246736049652
3,0.27188560366630554
