cycle,gini
1,0.5787109780384059
2,0.7726229880443348
3,0.7941013939767266
