method,nu,seed,final_l2,n_params,elapsed,peak_bytes
fixed_pikan,0.001,4096,0.32918378710746765,780,54.29906060005305,113177
