method,nu,seed,final_l2,n_params,elapsed,peak_bytes
fixed_pikan,0.005,6789,0.20149734616279602,780,60.31058970000595,111498
