method,nu,seed,final_l2,n_params,elapsed,peak_bytes
fixed_pikan,0.001,1234,0.36087289452552795,780,62.10348360001808,110266
