method,nu,seed,final_l2,n_params,elapsed,peak_bytes
fixed_pikan,0.01,123,0.06045260652899742,780,44.7499730999989,112180
