cycle,gini
1,0.5451904646090066
2,0.7918715375571638
3,0.672091398349849
