method,nu,seed,final_l2,n_params,elapsed,peak_bytes
fixed_pikan,0.01,4096,0.023633021861314774,780,78.07579289999558,116887
