cycle,gini
1,0.5536702520624127
2,0.8166887218823886
3,0.6768985594473472
