cycle,gini
1,0.5584370036981172
2,0.8549724337311406
3,0.7105654264982637
