cycle,gini
1,0.5584370036981172
2,0.6487048933271445
3,0.6777126475591372
