method,nu,seed,final_l2,n_params,elapsed,peak_bytes
mlp_pinn,0.001,3141,0.3762933909893036,8577,25.280941999983042,111295
