cycle,gini
1,0.5523116620266812
2,0.6295491335845738
3,0.6091126363939037
