cycle,gini
1,0.5535861848795789
2,0.8303841200633514
3,0.6820820681548058
