method,nu,seed,final_l2,n_params,elapsed,peak_bytes
mlp_pinn,0.005,1234,0.32929396629333496,8577,26.913706599996658,110823
