cycle,gini
1,0.5743689650299516
2,0.6168251906640142
3,0.855731700967839
