method,nu,seed,final_l2,n_params,elapsed,peak_bytes
fixed_pikan,0.001,3141,0.34373903274536133,780,60.310087999969255,110901
