cycle,l2_error
0,0.3665495216846466
1,0.09789502620697021
2,0.10648263990879059
3,0.10696770995855331
