cycle,gini
1,0.5743689650299516
2,0.6039701982480686
3,0.6353778976771942
