cycle,gini
1,0.5479521713234485
2,0.7951544733761676
3,0.6314528440094235
