cycle,l2_error
0,0.38299816846847534
1,0.19828636944293976
2,0.2592528164386749
3,0.254303902387619
4,0.2914196252822876
