cycle,gini
1,0.5497039648551031
2,0.7426633729028782
3,0.7560817461109313
