cycle,l2_error
0,0.357479453086853
1,0.21035028994083405
2,0.21476897597312927
3,0.14055052399635315
4,0.15531490743160248
