cycle,l2_error
0,0.4027092158794403
1,0.31962448358535767
2,0.3403034806251526
3,0.30910956859588623
4,0.32693833112716675
