method,nu,seed,final_l2,n_params,elapsed,peak_bytes
rad_pinn,0.001,2024,0.37515655159950256,8577,27.72607319999952,113170
