cycle,gini
1,0.5741137937057609
2,0.6622872305073431
3,0.680726021046204
