method,nu,seed,final_l2,n_params,elapsed,peak_bytes
fixed_pikan,0.01,456,0.05077442526817322,780,44.63077920000069,112239
