method,nu,seed,final_l2,n_params,elapsed,peak_bytes
rad_pinn,0.01,5678,0.16970255970954895,8577,18.106857699982356,111820
