cycle,gini
1,0.5671277130269354
2,0.6544422818212766
3,0.9170722898775134
