cycle,gini
1,0.5598678176658707
2,0.641983487902128
3,0.7986426444769784
