cycle,gini
1,0.5405137666548928
2,0.7077516198349599
3,0.7038961352787269
