cycle,l2_error
0,0.3864123225212097
1,0.3979730010032654
2,0.38945823907852173
3,0.4286348521709442
4,0.4610086977481842
