cycle,l2_error
0,0.3478464186191559
1,0.11261986941099167
2,0.0693826749920845
3,0.09011775255203247
