cycle,l2_error
0,0.3794928193092346
1,0.2657070457935333
2,0.26485946774482727
3,0.26773348450660706
