cycle,gini
1,0.5678752105067305
2,0.6553401410941092
3,0.6858759442142027
