cycle,gini
1,0.5678752105067305
2,0.6176870926437164
3,0.6658174292969627
