method,nu,seed,final_l2,n_params,elapsed,peak_bytes
fixed_pikan,0.01,1234,0.04075738042593002,780,71.5574282000016,111636
