cycle,gini
1,0.5543898444645419
2,0.6195010630687796
3,0.6590266817136786
