method,nu,seed,final_l2,n_params,elapsed,peak_bytes
fixed_pikan,0.005,123,0.15323138236999512,780,45.676371600013226,112238
