method,nu,seed,final_l2,n_params,elapsed,peak_bytes
fixed_pikan,0.01,2024,0.06780075281858444,780,45.652379899984226,110410
