cycle,gini
1,0.5624594198674773
2,0.6267129120596459
3,0.6030801624226549
