cycle,l2_error
0,0.36231955885887146
1,0.1276302933692932
2,0.1866203248500824
3,0.15592354536056519
