cycle,l2_error
0,0.3675273060798645
1,0.1828165203332901
2,0.18697813153266907
3,0.05301027372479439
4,0.050853680819272995
