method,nu,seed,final_l2,n_params,elapsed,steps_per_second,peak_bytes
fixed_bspline_pikan,0.001,123,0.34677401185035706,910,527.090695699997,3.7944134023157474,183084
