method,nu,seed,final_l2,n_params,elapsed,peak_bytes
mlp_pinn,0.005,5678,0.30654576420783997,8577,16.73248889995739,109750
