cycle,l2_error
0,0.3478464186191559
1,0.2543632984161377
2,0.24910622835159302
3,0.23044419288635254
4,0.24950167536735535
