cycle,l2_error
0,0.37601760029792786
1,0.38803935050964355
2,0.35929039120674133
3,0.26444634795188904
4,0.2694070339202881
