cycle,l2_error
0,0.41437089443206787
1,0.4775245487689972
2,0.4316437244415283
3,0.31115102767944336
4,0.3126859962940216
