cycle,l2_error
0,0.3588443100452423
1,0.3518141806125641
2,0.3779519200325012
3,0.34891176223754883
