method,nu,seed,final_l2,n_params,elapsed,steps_per_second,peak_bytes
fixed_bspline_pikan,0.01,5678,0.2834007740020752,910,325.01679199998034,6.153528215244094,178672
