cycle,l2_error
0,0.34200745820999146
1,0.3582976758480072
2,0.2265729457139969
3,0.21227607131004333
