cycle,gini
1,0.5754966109836591
2,0.6322231585968041
3,0.9304111319954776
