cycle,l2_error
0,0.402273952960968
1,0.396700382232666
2,0.3797985911369324
3,0.33754411339759827
4,0.3408224880695343
