method,nu,seed,final_l2,n_params,elapsed,peak_bytes
fixed_pikan,0.005,4096,0.09593034535646439,780,52.29944289999548,109994
