cycle,l2_error
0,0.4027092158794403
1,0.2824658453464508
2,0.2873310148715973
3,0.29000169038772583
