cycle,l2_error
0,0.37654954195022583
1,0.39375340938568115
2,0.37631624937057495
3,0.4004829227924347
4,0.4305163323879242
