cycle,gini
1,0.5546034208610796
2,0.6611965230214262
3,0.7590453886566387
