cycle,l2_error
0,0.410128116607666
1,0.32982054352760315
2,0.2881965935230255
3,0.2752414047718048
