cycle,l2_error
0,0.3991868197917938
1,0.2132255882024765
2,0.21700747311115265
3,0.22403809428215027
