cycle,l2_error
0,0.3863796889781952
1,0.25212377309799194
2,0.27878445386886597
3,0.31902697682380676
