cycle,l2_error
0,0.35130470991134644
1,0.27975326776504517
2,0.2688889503479004
3,0.2710927426815033
4,0.20905089378356934
