method,nu,seed,final_l2,n_params,elapsed,peak_bytes
fixed_pikan,0.005,1234,0.12178507447242737,780,61.61667109999689,109492
