cycle,l2_error
0,0.4124068021774292
1,0.3739331066608429
2,0.37915119528770447
3,0.3436553180217743
4,0.3765299618244171
