cycle,gini
1,0.5741137937057609
2,0.7187094695295503
3,0.7638289230299169
