cycle,gini
1,0.5802123231676696
2,0.7746764839915373
3,0.7998617023487178
