cycle,l2_error
0,0.41437089443206787
1,0.34224826097488403
2,0.3058110773563385
3,0.2839719355106354
