cycle,l2_error
0,0.34200745820999146
1,0.3292965292930603
2,0.23796029388904572
3,0.12685050070285797
4,0.026192475110292435
