method,seed,final_l2,n_params,elapsed,peak_bytes
ra_pikan,2024,0.9539008736610413,720,42.83690590003971,134599
