method,seed,final_l2,n_params,elapsed,peak_bytes
fixed_pikan,456,0.7642837762832642,720,44.771918299999925,135338
