method,seed,final_l2,n_params,elapsed,peak_bytes
fixed_pikan,3141,0.7833501100540161,720,39.91428160003852,131879
