method,seed,final_l2,n_params,elapsed,peak_bytes
ra_pikan,4096,0.8712350726127625,720,42.14429760002531,135448
