method,seed,final_l2,n_params,elapsed,peak_bytes
ra_pikan,789,0.77492356300354,720,53.80622889999995,132283
