method,seed,final_l2,n_params,elapsed,peak_bytes
fixed_pikan,42,0.8307071924209595,720,49.253060500000174,256417
