method,seed,final_l2,n_params,elapsed,peak_bytes
uniform_pikan,123,0.11938958615064621,2640,229.7105772000068,196334
