method,seed,final_l2,n_params,elapsed,peak_bytes
uniform_pikan,456,0.1142488569021225,2640,225.9930819000001,185035
