method,seed,final_l2,n_params,elapsed,peak_bytes
rad_pinn,2024,0.3163301348686218,4353,14.942930100020021,229576
