method,seed,final_l2,n_params,elapsed,peak_bytes
uniform_pikan,2024,0.2924766540527344,2640,207.09803160000592,196165
