method,seed,final_l2,n_params,elapsed,peak_bytes
fixed_pikan,2024,1.091732144355774,720,47.10969249997288,141546
