method,seed,final_l2,n_params,elapsed,peak_bytes
fixed_pikan,6789,0.7743842601776123,720,38.635256300040055,134746
