method,seed,final_l2,n_params,elapsed,peak_bytes
uniform_pikan,4096,19.771228790283203,2640,217.66809439996723,182469
