method,seed,final_l2,n_params,elapsed,peak_bytes
rad_pinn,456,0.31621527671813965,4353,11.211857199989026,128899
