method,seed,final_l2,n_params,elapsed,peak_bytes
fixed_pikan,789,0.7732982635498047,720,48.02783060000047,138696
