method,seed,final_l2,n_params,elapsed,peak_bytes
ra_pikan,6789,0.7725962996482849,720,38.123652899987064,134792
