method,seed,final_l2,n_params,elapsed,peak_bytes
ra_pikan,123,0.7783722877502441,720,39.08309700000018,137926
