method,seed,final_l2,n_params,elapsed,peak_bytes
ra_pikan,42,0.8346812129020691,720,52.41677839999966,143913
