method,seed,final_l2,n_params,elapsed,peak_bytes
fixed_pikan,5678,0.8010386824607849,720,40.147585900034755,134661
