method,seed,final_l2,n_params,elapsed,peak_bytes
uniform_pikan,789,0.18371672928333282,2640,223.4269576999941,187401
