method,seed,final_l2,n_params,elapsed,peak_bytes
uniform_pikan,42,0.07955130189657211,2640,232.27050020000024,207035
