method,seed,final_l2,n_params,elapsed,peak_bytes
fixed_pikan,4096,0.8598552346229553,720,41.211326999997254,135859
