method,seed,final_l2,n_params,elapsed,peak_bytes
ra_pikan,5678,0.7997263669967651,720,39.35019689996261,139189
