method,seed,final_l2,n_params,elapsed,peak_bytes
uniform_pikan,1234,0.32235386967658997,2640,228.76277079999272,175646
