method,seed,final_l2,n_params,elapsed,peak_bytes
fixed_pikan,123,0.7911840677261353,720,53.858811799999785,139553
