method,seed,final_l2,n_params,elapsed,peak_bytes
fixed_pikan,1234,0.7948346734046936,720,56.9044186000001,136362
