method,seed,final_l2,n_params,elapsed,peak_bytes
uniform_pikan,5678,0.39389365911483765,2640,206.31813000002876,188933
