method,seed,final_l2,n_params,elapsed,peak_bytes
uniform_pikan,3141,0.3855288624763489,2640,207.45691680000164,184809
