method,seed,final_l2,n_params,elapsed,peak_bytes
ra_pikan,1234,0.7879944443702698,720,58.36787490000006,136299
