method,seed,final_l2,n_params,elapsed,peak_bytes
rad_pinn,789,0.32265612483024597,4353,11.488437599997269,127554
