method,seed,final_l2,n_params,elapsed,peak_bytes
ra_pikan,456,0.7637670040130615,720,48.25151730000016,136307
