method,seed,final_l2,n_params,elapsed,peak_bytes
fixed_bspline_pikan,2024,0.17871296405792236,840,199.28275620000204,172548
