method,seed,final_l2,n_params,elapsed,peak_bytes
ra_pikan,3141,0.7872978448867798,720,41.44698810001137,134402
